Date,Price,Open,High,Low,Change %
12/01/2023,4.392,4.492,4.52,4.387,-2.32%
11/30/2023,4.497,4.45,4.539,4.428,1.22%
11/29/2023,4.443,4.507,4.514,4.438,-1.39%
11/28/2023,4.505,4.546,4.571,4.504,-0.78%
11/27/2023,4.541,4.623,4.638,4.523,-1.35%
11/24/2023,4.603,4.58,4.624,4.571,0.47%
11/23/2023,4.581,4.575,4.581,4.575,0.83%
11/22/2023,4.544,4.553,4.579,4.518,-0.21%
11/21/2023,4.553,4.569,4.609,4.525,-0.50%
11/20/2023,4.576,4.62,4.64,4.555,-0.39%
11/17/2023,4.594,4.621,4.651,4.563,-0.54%
11/16/2023,4.618,4.689,4.691,4.607,-1.70%
11/15/2023,4.698,4.616,4.717,4.597,1.48%
11/14/2023,4.63,4.758,4.786,4.594,-2.67%
11/13/2023,4.757,4.772,4.808,4.735,0.02%
11/10/2023,4.756,4.764,4.788,4.705,-0.34%
11/09/2023,4.772,4.624,4.834,4.616,3.48%
11/08/2023,4.612,4.739,4.765,4.608,-2.45%
11/07/2023,4.727,4.81,4.833,4.707,-1.82%
11/06/2023,4.815,4.783,4.838,4.765,0.95%
11/03/2023,4.77,4.803,4.827,4.673,-0.62%
11/02/2023,4.8,4.916,4.933,4.788,-2.50%
11/01/2023,4.923,5.089,5.097,4.922,-3.28%
10/31/2023,5.09,5.05,5.097,4.956,0.91%
10/30/2023,5.044,5.044,5.096,4.999,0.52%
10/27/2023,5.018,4.997,5.075,4.995,0.50%
10/26/2023,4.993,5.082,5.131,4.978,-1.96%
10/25/2023,5.093,4.946,5.097,4.929,3.27%
10/24/2023,4.931,5.01,5.03,4.929,-1.43%
10/23/2023,5.003,5.122,5.179,4.967,-1.48%
10/20/2023,5.078,5.107,5.146,5.046,-0.61%
10/19/2023,5.109,5.025,5.119,4.978,2.24%
10/18/2023,4.997,4.931,5.029,4.917,1.47%
10/17/2023,4.925,4.859,4.985,4.85,1.61%
10/16/2023,4.847,4.791,4.884,4.788,1.90%
10/13/2023,4.756,4.853,4.853,4.74,-2.03%
10/12/2023,4.855,4.686,4.886,4.67,3.36%
10/11/2023,4.697,4.836,4.838,4.691,-2.91%
10/10/2023,4.838,4.816,4.913,4.799,0.43%
10/09/2023,4.817,4.824,4.824,4.817,-2.87%
10/06/2023,4.96,4.899,5.053,4.881,1.40%
10/05/2023,4.891,4.863,4.929,4.841,0.59%
10/04/2023,4.863,4.933,5.011,4.851,-1.22%
10/03/2023,4.923,4.789,4.95,4.779,2.65%
10/02/2023,4.796,4.733,4.819,4.722,1.85%
09/29/2023,4.709,4.706,4.74,4.648,0.02%
09/28/2023,4.707,4.72,4.808,4.698,-0.20%
09/27/2023,4.717,4.669,4.74,4.623,0.65%
09/26/2023,4.687,4.662,4.7,4.603,0.83%
09/25/2023,4.648,4.535,4.671,4.534,2.64%
09/22/2023,4.529,4.576,4.59,4.51,-1.08%
09/21/2023,4.578,4.446,4.584,4.446,3.11%
09/20/2023,4.44,4.428,4.451,4.383,0.25%
09/19/2023,4.429,4.385,4.437,4.382,1.05%
09/18/2023,4.383,4.385,4.392,4.382,-0.86%
09/15/2023,4.421,4.384,4.423,4.37,0.94%
09/14/2023,4.38,4.339,4.397,4.319,0.80%
09/13/2023,4.345,4.354,4.401,4.327,-0.15%
09/12/2023,4.352,4.384,4.386,4.341,-0.55%
09/11/2023,4.376,4.356,4.391,4.348,0.98%
09/08/2023,4.334,4.344,4.363,4.3,-0.20%
09/07/2023,4.342,4.365,4.377,4.339,-0.51%
09/06/2023,4.365,4.368,4.387,4.343,-0.24%
09/05/2023,4.375,4.317,4.389,4.314,1.36%
09/04/2023,4.317,4.301,4.324,4.298,0.31%
09/03/2023,4.303,4.301,4.308,4.301,0.13%
09/01/2023,4.297,4.218,4.313,4.2,2.10%
08/31/2023,4.209,4.224,4.23,4.18,-0.33%
08/30/2023,4.223,4.244,4.271,4.214,-0.07%
08/29/2023,4.226,4.275,4.314,4.21,-1.25%
08/28/2023,4.279,4.294,4.303,4.252,0.00%
08/25/2023,4.279,4.296,4.324,4.266,-0.55%
08/24/2023,4.303,4.267,4.31,4.246,0.80%
08/23/2023,4.269,4.396,4.397,4.259,-3.12%
08/22/2023,4.406,4.458,4.469,4.399,-0.99%
08/21/2023,4.45,4.383,4.474,4.379,1.72%
08/18/2023,4.375,4.382,4.407,4.339,-0.40%
08/17/2023,4.393,4.354,4.426,4.354,0.84%
08/16/2023,4.356,4.314,4.379,4.299,0.80%
08/15/2023,4.321,4.294,4.321,4.286,0.51%
08/14/2023,4.299,4.273,4.301,4.24,0.82%
08/11/2023,4.264,4.241,4.291,4.24,0.22%
08/10/2023,4.255,4.176,4.27,4.143,1.91%
08/09/2023,4.175,4.196,4.218,4.164,-0.87%
08/08/2023,4.212,4.266,4.266,4.156,-1.41%
08/07/2023,4.272,4.206,4.276,4.2,1.64%
08/04/2023,4.203,4.303,4.351,4.198,-2.17%
08/03/2023,4.296,4.178,4.326,4.175,2.68%
08/02/2023,4.184,4.092,4.207,4.085,1.98%
08/01/2023,4.102,4.012,4.115,4.007,2.20%
07/31/2023,4.014,4.025,4.048,3.989,0.02%
07/28/2023,4.013,4.051,4.085,4.01,-0.66%
07/27/2023,4.04,3.941,4.07,3.923,2.44%
07/26/2023,3.944,3.942,3.961,3.906,0.19%
07/25/2023,3.936,3.925,3.959,3.916,0.21%
07/24/2023,3.928,3.908,3.934,3.865,0.71%
07/21/2023,3.9,3.911,3.912,3.871,-0.33%
07/20/2023,3.913,3.845,3.928,3.84,1.89%
07/19/2023,3.841,3.901,3.906,3.832,-1.50%
07/18/2023,3.899,3.927,3.929,3.885,-0.80%
07/17/2023,3.931,3.919,3.948,3.885,0.12%
07/14/2023,3.926,3.907,3.932,3.879,0.52%
07/13/2023,3.905,3.95,3.97,3.891,-1.20%
07/12/2023,3.953,4.006,4.03,3.937,-1.52%
07/11/2023,4.014,4.038,4.042,3.993,-0.59%
07/10/2023,4.038,4.05,4.086,4.024,-0.23%
07/07/2023,4.047,4.001,4.061,3.984,1.21%
07/06/2023,3.999,3.932,4.022,3.929,1.84%
07/05/2023,3.927,3.856,3.952,3.854,1.84%
07/04/2023,3.856,3.863,3.891,3.848,-0.35%
07/03/2023,3.87,3.866,3.882,3.812,0.14%
06/30/2023,3.864,3.9,3.936,3.835,-0.89%
06/29/2023,3.899,3.811,3.927,3.81,2.27%
06/28/2023,3.812,3.84,3.85,3.794,-0.87%
06/27/2023,3.846,3.818,3.85,3.786,0.78%
06/26/2023,3.816,3.803,3.829,3.768,0.05%
06/23/2023,3.814,3.867,3.876,3.786,-1.45%
06/22/2023,3.87,3.811,3.881,3.804,1.60%
06/21/2023,3.81,3.823,3.874,3.8,-0.07%
06/20/2023,3.812,3.911,3.913,3.8,-2.50%
06/19/2023,3.91,3.849,3.926,3.841,1.53%
06/18/2023,3.851,3.86,3.86,3.849,-0.05%
06/16/2023,3.853,3.841,3.888,3.827,0.33%
06/15/2023,3.84,3.883,3.92,3.802,-0.99%
06/14/2023,3.879,3.923,3.943,3.872,-1.36%
06/13/2023,3.932,3.88,3.948,3.837,1.14%
06/12/2023,3.888,3.878,3.938,3.85,0.12%
06/09/2023,3.883,3.891,3.925,3.873,-0.07%
06/08/2023,3.886,3.944,3.98,3.879,-1.57%
06/07/2023,3.948,3.848,3.952,3.835,2.46%
06/06/2023,3.853,3.888,3.92,3.844,-0.92%
06/05/2023,3.889,3.896,3.947,3.861,-0.02%
06/02/2023,3.889,3.824,3.891,3.818,1.86%
06/01/2023,3.819,3.857,3.885,3.802,-1.06%
05/31/2023,3.859,3.899,3.904,3.831,-0.96%
05/30/2023,3.897,3.924,3.938,3.88,-0.66%
05/29/2023,3.923,3.971,3.976,3.905,-1.22%
05/28/2023,3.971,3.969,3.991,3.958,0.05%
05/26/2023,3.969,3.998,4.006,3.96,-0.66%
05/25/2023,3.995,3.988,4.009,3.957,0.21%
05/24/2023,3.987,3.953,3.99,3.917,0.88%
05/23/2023,3.952,3.971,4.003,3.942,-0.38%
05/22/2023,3.967,3.927,3.977,3.907,0.80%
05/19/2023,3.935,3.909,3.96,3.889,0.66%
05/18/2023,3.91,3.849,3.918,3.836,1.28%
05/17/2023,3.86,3.865,3.888,3.834,0.05%
05/16/2023,3.858,3.845,3.903,3.802,0.38%
05/15/2023,3.844,3.783,3.846,3.777,1.62%
05/12/2023,3.783,3.741,3.793,3.716,1.13%
05/11/2023,3.74,3.8,3.806,3.717,-1.46%
05/10/2023,3.796,3.842,3.845,3.79,-1.22%
05/09/2023,3.843,3.834,3.856,3.794,0.52%
05/08/2023,3.823,3.766,3.841,3.737,1.94%
05/05/2023,3.75,3.626,3.799,3.626,0.55%
05/04/2023,3.73,3.676,3.753,3.665,1.00%
05/03/2023,3.693,3.74,3.732,3.663,-0.57%
05/02/2023,3.714,3.815,3.815,3.705,-2.50%
05/01/2023,3.809,3.69,3.859,3.689,3.45%
04/28/2023,3.682,3.755,3.775,3.652,-1.97%
04/27/2023,3.756,3.701,3.768,3.696,1.38%
04/26/2023,3.705,3.666,3.711,3.63,1.34%
04/25/2023,3.656,3.707,3.714,3.633,-1.53%
04/24/2023,3.713,3.777,3.78,3.711,-1.55%
04/21/2023,3.771,3.75,3.786,3.723,0.74%
04/20/2023,3.744,3.786,3.795,3.73,-1.01%
04/19/2023,3.782,3.801,3.833,3.775,-0.14%
04/18/2023,3.787,3.815,3.82,3.768,-0.78%
04/17/2023,3.817,3.747,3.818,3.729,2.13%
04/14/2023,3.737,3.684,3.754,3.679,1.38%
04/13/2023,3.686,3.624,3.693,3.614,1.41%
04/12/2023,3.635,3.626,3.717,3.585,0.29%
04/11/2023,3.625,3.636,3.647,3.597,-0.07%
04/10/2023,3.627,3.596,3.646,3.57,0.12%
04/07/2023,3.623,3.551,3.623,3.539,2.11%
04/06/2023,3.548,3.569,3.576,3.527,-0.62%
04/05/2023,3.57,3.602,3.612,3.555,-0.69%
04/04/2023,3.595,3.633,3.686,3.579,-1.04%
04/03/2023,3.633,3.7,3.729,3.612,-0.50%
03/31/2023,3.651,3.742,3.77,3.647,-2.13%
03/30/2023,3.73,3.772,3.785,3.729,-0.92%
03/29/2023,3.765,3.776,3.815,3.751,-0.33%
03/28/2023,3.777,3.769,3.79,3.735,0.24%
03/27/2023,3.769,3.663,3.776,3.629,3.42%
03/24/2023,3.644,3.693,3.7,3.602,-1.02%
03/23/2023,3.681,3.664,3.747,3.655,0.31%
03/22/2023,3.67,3.729,3.774,3.648,-1.55%
03/21/2023,3.728,3.675,3.749,3.64,1.62%
03/20/2023,3.668,3.653,3.689,3.542,1.12%
03/17/2023,3.627,3.698,3.732,3.585,-2.27%
03/16/2023,3.712,3.643,3.722,3.579,1.72%
03/15/2023,3.649,3.811,3.821,3.603,-4.10%
03/14/2023,3.805,3.7,3.816,3.635,3.00%
03/13/2023,3.694,3.789,3.794,3.526,-0.47%
03/10/2023,3.712,3.855,3.857,3.68,-3.75%
03/09/2023,3.857,3.886,3.924,3.847,-0.89%
03/08/2023,3.891,3.886,3.911,3.819,0.38%
03/07/2023,3.877,3.902,3.932,3.848,-0.56%
03/06/2023,3.899,3.885,3.926,3.823,0.54%
03/03/2023,3.878,4.005,4.01,3.875,-3.08%
03/02/2023,4.001,3.956,4.047,3.952,1.16%
03/01/2023,3.955,3.928,3.985,3.901,0.81%
02/28/2023,3.924,3.928,3.978,3.895,-0.21%
02/27/2023,3.932,3.914,3.976,3.899,0.05%
02/24/2023,3.93,3.886,3.962,3.858,1.02%
02/23/2023,3.89,3.918,3.967,3.854,-0.82%
02/22/2023,3.922,3.975,3.987,3.906,-1.19%
02/21/2023,3.97,3.886,3.981,3.882,2.09%
02/20/2023,3.888,3.888,3.889,3.888,0.59%
02/17/2023,3.866,3.921,3.969,3.864,-1.33%
02/16/2023,3.918,3.854,3.932,3.819,2.12%
02/15/2023,3.836,3.776,3.873,3.765,1.47%
02/14/2023,3.781,3.783,3.843,3.723,0.14%
02/13/2023,3.776,3.828,3.831,3.764,-1.36%
02/10/2023,3.828,3.754,3.836,3.736,2.53%
02/09/2023,3.733,3.684,3.751,3.628,1.67%
02/08/2023,3.672,3.71,3.752,3.671,-1.18%
02/07/2023,3.716,3.679,3.727,3.655,1.07%
02/06/2023,3.676,3.645,3.689,3.616,1.67%
02/03/2023,3.616,3.547,3.664,3.518,1.70%
02/02/2023,3.555,3.581,3.584,3.498,-0.48%
02/01/2023,3.572,3.64,3.646,3.532,-1.74%
01/31/2023,3.635,3.657,3.684,3.616,-0.43%
01/30/2023,3.651,3.626,3.675,3.612,0.71%
01/27/2023,3.626,3.643,3.689,3.621,-0.46%
01/26/2023,3.642,3.598,3.7,3.589,1.10%
01/25/2023,3.603,3.603,3.645,3.576,-0.04%
01/24/2023,3.604,3.686,3.716,3.602,-2.22%
01/23/2023,3.686,3.662,3.718,3.645,1.02%
01/20/2023,3.649,3.571,3.668,3.562,2.25%
01/19/2023,3.569,3.544,3.598,3.49,0.80%
01/18/2023,3.54,3.656,3.672,3.522,-3.31%
01/17/2023,3.661,3.645,3.697,3.616,0.41%
01/16/2023,3.647,3.646,3.647,3.646,1.03%
01/13/2023,3.609,3.581,3.632,3.558,1.00%
01/12/2023,3.574,3.683,3.723,3.549,-2.62%
01/11/2023,3.67,3.745,3.748,3.649,-2.04%
01/10/2023,3.746,3.667,3.775,3.648,2.62%
01/09/2023,3.651,3.687,3.741,3.642,-0.90%
01/06/2023,3.684,3.803,3.837,3.671,-2.86%
01/05/2023,3.792,3.812,3.876,3.78,-0.38%
01/04/2023,3.807,3.859,3.872,3.759,-1.17%
01/03/2023,3.852,3.945,3.983,3.829,-3.08%
01/02/2023,3.975,3.975,3.975,3.975,0.00%
12/30/2022,3.975,3.909,3.99,3.909,1.82%
12/29/2022,3.904,3.962,3.982,3.898,-1.79%
12/28/2022,3.975,3.931,3.989,3.885,1.04%
12/27/2022,3.934,3.82,3.948,3.796,2.93%
12/26/2022,3.822,3.822,3.822,3.822,-0.14%
12/23/2022,3.827,3.745,3.829,3.741,2.21%
12/22/2022,3.744,3.72,3.756,3.694,0.45%
12/21/2022,3.727,3.759,3.774,3.692,-0.61%
12/20/2022,3.75,3.644,3.767,3.635,3.15%
12/19/2022,3.635,3.564,3.658,3.555,2.62%
12/16/2022,3.543,3.51,3.595,3.505,1.28%
12/15/2022,3.498,3.539,3.567,3.454,-1.06%
12/14/2022,3.536,3.535,3.583,3.495,0.00%
12/13/2022,3.536,3.574,3.579,3.451,-1.22%
12/12/2022,3.579,3.561,3.599,3.489,0.32%
12/09/2022,3.568,3.44,3.583,3.406,3.73%
12/08/2022,3.44,3.44,3.478,3.414,0.18%
12/07/2022,3.433,3.554,3.569,3.412,-3.16%
12/06/2022,3.545,3.596,3.617,3.52,-1.22%
12/05/2022,3.589,3.575,3.65,3.534,1.16%
12/02/2022,3.548,3.608,3.704,3.524,-1.56%
12/01/2022,3.604,3.755,3.767,3.599,-3.77%
11/30/2022,3.745,3.807,3.847,3.726,-1.48%
11/29/2022,3.801,3.738,3.815,3.705,2.10%
11/28/2022,3.723,3.755,3.771,3.685,-0.74%
11/25/2022,3.751,3.709,3.782,3.701,1.09%
11/24/2022,3.711,3.707,3.711,3.707,-0.38%
11/23/2022,3.725,3.829,3.845,3.723,-2.76%
11/22/2022,3.831,3.915,3.915,3.819,-1.94%
11/21/2022,3.907,3.922,3.93,3.86,-0.52%
11/18/2022,3.927,3.896,3.934,3.856,1.27%
11/17/2022,3.878,3.847,3.936,3.827,0.88%
11/16/2022,3.844,3.962,4.019,3.834,-3.02%
11/15/2022,3.963,4.054,4.063,3.943,-2.02%
11/14/2022,4.045,4.077,4.094,4.026,-0.34%
11/10/2022,4.059,4.273,4.293,4.047,-4.98%
11/09/2022,4.272,4.276,4.334,4.242,0.00%
11/08/2022,4.272,4.326,4.349,4.238,-1.15%
11/07/2022,4.321,4.251,4.336,4.204,1.53%
11/04/2022,4.256,4.203,4.277,4.174,1.71%
11/03/2022,4.184,4.168,4.235,4.139,1.27%
11/02/2022,4.132,4.106,4.151,4.056,0.80%
11/01/2022,4.099,4.179,4.18,4.054,-1.53%
10/31/2022,4.163,4.138,4.231,4.127,0.67%
10/28/2022,4.135,4.091,4.17,4.076,1.12%
10/27/2022,4.089,4.143,4.208,4.054,-1.35%
10/26/2022,4.145,4.251,4.26,4.134,-2.46%
10/25/2022,4.25,4.373,4.375,4.217,-3.11%
10/24/2022,4.386,4.332,4.425,4.26,1.14%
10/21/2022,4.337,4.221,4.384,4.218,2.77%
10/20/2022,4.22,4.136,4.235,4.117,2.21%
10/19/2022,4.129,4.031,4.147,4.028,2.55%
10/18/2022,4.027,4.011,4.098,3.987,0.18%
10/17/2022,4.019,3.98,4.03,3.924,0.64%
10/14/2022,3.994,3.938,4.001,3.848,1.63%
10/13/2022,3.93,3.889,4.013,3.844,1.16%
10/12/2022,3.884,3.926,3.958,3.874,-0.87%
10/11/2022,3.918,3.938,3.962,3.853,-0.49%
10/10/2022,3.937,3.935,3.938,3.935,2.33%
10/07/2022,3.848,3.783,3.877,3.776,1.58%
10/06/2022,3.788,3.754,3.817,3.732,0.98%
10/05/2022,3.751,3.693,3.813,3.684,1.27%
10/04/2022,3.704,3.669,3.719,3.634,0.72%
10/03/2022,3.677,3.768,3.777,3.638,-2.73%
09/30/2022,3.781,3.723,3.787,3.63,1.76%
09/29/2022,3.715,3.71,3.796,3.676,0.49%
09/28/2022,3.697,3.832,3.905,3.662,-3.38%
09/27/2022,3.826,3.729,3.875,3.671,2.13%
09/26/2022,3.747,3.648,3.749,3.612,3.80%
09/23/2022,3.61,3.646,3.717,3.566,-0.76%
09/22/2022,3.638,3.512,3.656,3.471,3.72%
09/21/2022,3.507,3.573,3.627,3.481,-1.91%
09/20/2022,3.575,3.515,3.615,3.5,1.69%
09/19/2022,3.516,3.518,3.571,3.486,-0.10%
09/16/2022,3.52,3.465,3.549,3.455,1.43%
09/15/2022,3.47,3.456,3.514,3.453,0.29%
09/14/2022,3.46,3.492,3.544,3.457,-0.87%
09/13/2022,3.49,3.505,3.574,3.454,-0.54%
09/12/2022,3.509,3.453,3.532,3.413,1.75%
09/09/2022,3.449,3.473,3.492,3.423,-0.79%
09/08/2022,3.477,3.418,3.48,3.364,1.80%
09/07/2022,3.415,3.497,3.515,3.392,-2.42%
09/06/2022,3.5,3.366,3.509,3.354,3.96%
09/05/2022,3.367,3.37,3.37,3.364,0.57%
09/02/2022,3.348,3.375,3.41,3.334,-0.49%
09/01/2022,3.364,3.301,3.412,3.296,1.96%
08/31/2022,3.299,3.224,3.3,3.209,2.27%
08/30/2022,3.226,3.232,3.264,3.193,-0.65%
08/29/2022,3.247,3.216,3.27,3.212,1.84%
08/26/2022,3.189,3.25,3.287,3.184,-1.60%
08/25/2022,3.241,3.317,3.33,3.228,-2.26%
08/24/2022,3.316,3.263,3.33,3.237,1.62%
08/23/2022,3.263,3.234,3.287,3.202,0.97%
08/22/2022,3.231,3.229,3.268,3.185,0.50%
08/19/2022,3.215,3.137,3.236,3.137,2.30%
08/18/2022,3.143,3.153,3.16,3.103,-0.39%
08/17/2022,3.155,3.103,3.171,3.088,2.12%
08/16/2022,3.09,3.098,3.173,3.078,-0.44%
08/15/2022,3.104,3.111,3.13,3.053,-0.34%
08/12/2022,3.114,3.155,3.175,3.105,-2.12%
08/11/2022,3.182,3.043,3.189,3.002,4.75%
08/10/2022,3.037,3.002,3.061,2.942,1.39%
08/09/2022,2.996,2.983,3.03,2.977,0.68%
08/08/2022,2.976,3.074,3.089,2.972,-2.95%
08/05/2022,3.066,2.958,3.106,2.957,3.01%
08/04/2022,2.977,2.959,2.988,2.927,0.84%
08/03/2022,2.952,3.007,3.08,2.938,-1.93%
08/02/2022,3.01,2.906,3.039,2.855,3.22%
08/01/2022,2.916,3.024,3.056,2.909,-3.20%
07/29/2022,3.012,3.023,3.085,2.955,-0.16%
07/28/2022,3.017,3.042,3.098,2.97,-1.68%
07/27/2022,3.069,3.021,3.081,2.983,1.49%
07/26/2022,3.023,3.031,3.033,2.952,-0.19%
07/25/2022,3.029,2.998,3.079,2.996,1.80%
07/22/2022,2.976,3.045,3.077,2.951,-2.53%
07/21/2022,3.053,3.156,3.209,3.041,-3.55%
07/20/2022,3.165,3.183,3.189,3.11,-0.56%
07/19/2022,3.183,3.157,3.205,3.134,0.61%
07/18/2022,3.164,3.09,3.18,3.081,2.36%
07/15/2022,3.091,3.106,3.119,3.061,-0.56%
07/14/2022,3.108,3.119,3.171,3.081,-0.24%
07/13/2022,3.116,3.158,3.231,3.068,-1.38%
07/12/2022,3.159,3.173,3.175,3.086,-0.51%
07/11/2022,3.175,3.264,3.267,3.152,-2.36%
07/08/2022,3.252,3.193,3.278,3.163,2.02%
07/07/2022,3.188,3.124,3.206,3.098,1.94%
07/06/2022,3.127,3.057,3.142,2.995,2.58%
07/05/2022,3.049,3.161,3.198,3.011,-3.55%
07/04/2022,3.161,3.159,3.162,3.159,1.45%
07/01/2022,3.116,3.195,3.197,3.028,-2.16%
06/30/2022,3.184,3.209,3.231,3.119,-0.95%
06/29/2022,3.215,3.288,3.303,3.21,-2.10%
06/28/2022,3.284,3.324,3.365,3.277,-0.89%
06/27/2022,3.314,3.265,3.342,3.254,1.49%
06/24/2022,3.265,3.2,3.267,3.167,1.85%
06/23/2022,3.206,3.242,3.26,3.147,-1.32%
06/22/2022,3.248,3.348,3.352,3.228,-3.00%
06/21/2022,3.349,3.345,3.395,3.326,0.11%
06/20/2022,3.345,3.349,3.349,3.345,1.92%
06/17/2022,3.282,3.268,3.338,3.246,1.20%
06/16/2022,3.243,3.333,3.494,3.22,-2.69%
06/15/2022,3.333,3.406,3.459,3.322,-2.85%
06/14/2022,3.431,3.356,3.447,3.277,2.26%
06/13/2022,3.355,3.208,3.417,3.197,4.74%
06/10/2022,3.203,3.178,3.238,3.095,1.18%
06/09/2022,3.165,3.18,3.21,3.15,-0.35%
06/08/2022,3.177,3.137,3.193,3.132,1.45%
06/07/2022,3.131,3.197,3.208,3.105,-1.87%
06/06/2022,3.191,3.091,3.205,3.088,3.11%
06/03/2022,3.095,3.083,3.158,3.069,0.51%
06/02/2022,3.079,3.059,3.114,3.047,0.54%
06/01/2022,3.062,3.06,3.105,3.03,0.21%
05/31/2022,3.056,3.018,3.103,3.004,1.22%
05/30/2022,3.019,3.022,3.022,3.019,1.60%
05/27/2022,2.971,2.987,3,2.94,-0.08%
05/26/2022,2.974,2.969,3.027,2.936,-0.03%
05/25/2022,2.975,2.968,2.992,2.924,0.16%
05/24/2022,2.97,3.056,3.073,2.941,-3.09%
05/23/2022,3.065,3.009,3.08,2.998,2.39%
05/20/2022,2.993,3.058,3.088,2.98,-1.83%
05/19/2022,3.049,3.048,3.105,2.975,-0.69%
05/18/2022,3.07,3.186,3.202,3.052,-3.87%
05/17/2022,3.194,3.104,3.196,3.096,2.92%
05/16/2022,3.103,3.107,3.114,3.043,0.51%
05/13/2022,3.088,3.024,3.1,3.009,2.16%
05/12/2022,3.023,3.042,3.056,2.956,-0.73%
05/11/2022,3.045,3.123,3.215,3.016,-2.62%
05/10/2022,3.127,3.155,3.188,3.062,-0.93%
05/09/2022,3.156,3.242,3.309,3.149,-2.52%
05/06/2022,3.238,3.136,3.247,3.121,3.80%
05/05/2022,3.119,3.052,3.208,3.01,2.61%
05/04/2022,3.04,3.009,3.054,2.979,0.74%
05/03/2022,3.018,3.034,3.055,2.968,-0.38%
05/02/2022,3.029,3,3.074,2.977,1.09%
04/29/2022,2.996,2.966,3.006,2.904,3.24%
04/28/2022,2.902,2.92,2.972,2.891,-0.38%
04/27/2022,2.913,2.84,2.925,2.822,2.77%
04/26/2022,2.835,2.891,2.923,2.823,-1.77%
04/25/2022,2.886,2.938,2.943,2.857,-2.19%
04/22/2022,2.951,2.937,2.973,2.888,0.80%
04/21/2022,2.927,2.88,2.987,2.878,1.85%
04/20/2022,2.874,3.013,3.032,2.864,-3.99%
04/19/2022,2.993,2.939,3.018,2.929,1.60%
04/18/2022,2.946,2.94,2.969,2.903,0.92%
04/14/2022,2.919,2.809,2.929,2.774,3.81%
04/13/2022,2.812,2.823,2.871,2.763,0.21%
04/12/2022,2.806,2.833,2.86,2.761,0.03%
04/11/2022,2.805,2.738,2.838,2.726,3.10%
04/08/2022,2.721,2.672,2.76,2.648,1.31%
04/07/2022,2.685,2.622,2.719,2.591,2.39%
04/06/2022,2.623,2.593,2.68,2.591,1.56%
04/05/2022,2.582,2.464,2.599,2.457,5.15%
04/04/2022,2.456,2.445,2.504,2.438,0.87%
04/01/2022,2.435,2.46,2.545,2.415,-0.74%
03/31/2022,2.453,2.475,2.494,2.433,-1.11%
03/30/2022,2.48,2.513,2.544,2.452,-0.89%
03/29/2022,2.503,2.53,2.604,2.481,-1.86%
03/28/2022,2.55,2.589,2.645,2.52,-1.99%
03/25/2022,2.602,2.538,2.644,2.497,2.76%
03/24/2022,2.532,2.497,2.578,2.496,2.09%
03/23/2022,2.48,2.61,2.642,2.464,-4.73%
03/22/2022,2.603,2.521,2.618,2.521,3.29%
03/21/2022,2.52,2.425,2.556,2.425,4.11%
03/18/2022,2.421,2.457,2.487,2.404,-1.63%
03/17/2022,2.461,2.459,2.503,2.361,-0.09%
03/16/2022,2.463,2.486,2.54,2.427,-0.83%
03/15/2022,2.484,2.473,2.505,2.426,0.12%
03/14/2022,2.481,2.379,2.485,2.372,5.41%
03/11/2022,2.354,2.372,2.397,2.337,-0.81%
03/10/2022,2.373,2.331,2.42,2.289,1.81%
03/09/2022,2.331,2.239,2.34,2.221,5.03%
03/08/2022,2.219,2.182,2.259,2.162,1.63%
03/07/2022,2.184,2.123,2.212,2.109,1.01%
03/04/2022,2.162,2.234,2.234,2.116,-2.87%
03/03/2022,2.226,2.232,2.268,2.203,-1.24%
03/02/2022,2.254,2.133,2.289,2.096,6.87%
03/01/2022,2.109,2.176,2.204,2.069,-2.33%
02/28/2022,2.159,2.218,2.254,2.149,-5.50%
02/25/2022,2.285,2.29,2.321,2.245,0.10%
02/24/2022,2.283,2.278,2.304,2.161,-0.86%
02/23/2022,2.302,2.243,2.306,2.241,2.68%
02/22/2022,2.242,2.209,2.271,2.177,1.49%
02/21/2022,2.209,2.2,2.209,2.2,-1.47%
02/18/2022,2.242,2.292,2.324,2.231,-2.39%
02/17/2022,2.297,2.339,2.351,2.267,-1.94%
02/16/2022,2.342,2.356,2.388,2.317,-0.81%
02/15/2022,2.362,2.28,2.373,2.27,3.34%
02/14/2022,2.285,2.281,2.33,2.208,2.29%
02/11/2022,2.234,2.299,2.353,2.232,-3.84%
02/10/2022,2.323,2.247,2.351,2.221,3.21%
02/09/2022,2.251,2.25,2.259,2.21,-0.40%
02/08/2022,2.26,2.221,2.271,2.221,1.88%
02/07/2022,2.218,2.206,2.246,2.192,0.24%
02/04/2022,2.213,2.155,2.237,2.121,2.64%
02/03/2022,2.156,2.092,2.184,2.091,2.38%
02/02/2022,2.106,2.122,2.135,2.061,-0.52%
02/01/2022,2.117,2.116,2.152,2.068,0.07%
01/31/2022,2.116,2.093,2.127,2.075,1.69%
01/28/2022,2.08,2.097,2.144,2.074,-0.52%
01/27/2022,2.091,2.153,2.168,2.074,-3.83%
01/26/2022,2.175,2.124,2.187,2.108,2.62%
01/25/2022,2.119,2.111,2.141,2.066,0.14%
01/24/2022,2.116,2.087,2.121,2.033,1.51%
01/21/2022,2.085,2.113,2.118,2.051,-1.82%
01/20/2022,2.124,2.169,2.175,2.118,-2.24%
01/19/2022,2.172,2.189,2.216,2.137,-0.79%
01/18/2022,2.189,2.137,2.201,2.119,2.43%
01/17/2022,2.137,2.139,2.14,2.137,0.48%
01/14/2022,2.127,2.057,2.131,2.046,4.24%
01/13/2022,2.041,2.092,2.102,2.029,-2.59%
01/12/2022,2.095,2.072,2.1,2.046,0.91%
01/11/2022,2.076,2.098,2.103,2.064,-0.56%
01/10/2022,2.088,2.117,2.151,2.082,-1.38%
01/07/2022,2.117,2.079,2.145,2.069,1.58%
01/06/2022,2.084,2.093,2.138,2.075,-0.42%
01/05/2022,2.092,2.069,2.106,2.041,1.65%
01/04/2022,2.059,2.013,2.103,2.009,1.34%
01/03/2022,2.031,1.903,2.045,1.902,6.61%
12/31/2021,1.905,1.921,1.937,1.882,-0.46%
12/30/2021,1.914,1.961,1.969,1.911,-2.66%
12/29/2021,1.967,1.897,1.971,1.889,3.29%
12/28/2021,1.904,1.884,1.915,1.853,1.17%
12/27/2021,1.882,1.895,1.902,1.878,-1.23%
12/23/2021,1.905,1.855,1.915,1.848,2.89%
12/22/2021,1.852,1.859,1.891,1.849,-1.03%
12/21/2021,1.871,1.851,1.927,1.841,0.81%
12/20/2021,1.856,1.786,1.858,1.76,2.54%
12/17/2021,1.81,1.863,1.868,1.806,-3.05%
12/16/2021,1.867,1.859,1.905,1.845,0.48%
12/15/2021,1.858,1.827,1.875,1.813,1.71%
12/14/2021,1.827,1.813,1.87,1.802,1.53%
12/13/2021,1.799,1.889,1.904,1.797,-4.39%
12/10/2021,1.882,1.878,1.89,1.838,0.36%
12/09/2021,1.875,1.896,1.904,1.844,-0.98%
12/08/2021,1.893,1.801,1.904,1.755,4.66%
12/07/2021,1.809,1.762,1.814,1.75,2.23%
12/06/2021,1.77,1.701,1.775,1.691,5.07%
12/03/2021,1.684,1.752,1.794,1.667,-4.62%
12/02/2021,1.766,1.754,1.788,1.737,1.22%
12/01/2021,1.745,1.819,1.846,1.74,-3.21%
11/30/2021,1.803,1.865,1.876,1.776,-2.88%
11/29/2021,1.856,1.867,1.911,1.85,1.56%
11/26/2021,1.827,1.934,1.938,1.823,-5.49%
11/25/2021,1.934,1.931,1.939,1.931,-1.74%
11/24/2021,1.968,2.024,2.036,1.957,-3.10%
11/23/2021,2.031,1.978,2.042,1.96,2.91%
11/22/2021,1.973,1.922,1.988,1.902,3.24%
11/19/2021,1.911,1.971,1.995,1.901,-3.14%
11/18/2021,1.973,1.985,1.999,1.962,0.28%
11/17/2021,1.968,2.031,2.049,1.965,-3.20%
11/16/2021,2.033,2.003,2.036,1.971,1.81%
11/15/2021,1.997,1.945,2.023,1.915,3.04%
11/12/2021,1.938,1.917,2.002,1.894,1.20%
11/11/2021,1.915,1.923,1.923,1.915,-0.50%
11/10/2021,1.924,1.831,1.988,1.818,5.60%
11/09/2021,1.822,1.887,1.887,1.795,-3.56%
11/08/2021,1.89,1.898,1.918,1.882,0.11%
11/05/2021,1.888,1.98,1.987,1.872,-3.94%
11/04/2021,1.965,2.01,2.036,1.949,-2.93%
11/03/2021,2.024,1.987,2.032,1.924,3.38%
11/02/2021,1.958,1.974,1.984,1.937,-0.14%
11/01/2021,1.961,1.952,1.997,1.925,1.13%
10/29/2021,1.939,1.973,2.026,1.923,-2.02%
10/28/2021,1.979,1.946,1.984,1.924,0.99%
10/27/2021,1.96,2.047,2.062,1.932,-3.88%
10/26/2021,2.039,2.089,2.096,2.039,-2.11%
10/25/2021,2.083,2.085,2.122,2.072,0.55%
10/22/2021,2.071,2.137,2.147,2.067,-3.39%
10/21/2021,2.144,2.144,2.16,2.105,0.34%
10/20/2021,2.136,2.103,2.138,2.078,2.21%
10/19/2021,2.09,2.025,2.095,2.009,3.22%
10/18/2021,2.025,2.06,2.08,2.009,-1.00%
10/15/2021,2.046,2.023,2.068,2.021,1.26%
10/14/2021,2.02,2.04,2.076,2.013,-0.66%
10/13/2021,2.034,2.087,2.107,2.028,-2.68%
10/12/2021,2.09,2.173,2.177,2.082,-3.82%
10/11/2021,2.173,2.168,2.173,2.168,0.34%
10/08/2021,2.165,2.136,2.177,2.123,1.74%
10/07/2021,2.128,2.085,2.138,2.064,2.20%
10/06/2021,2.082,2.106,2.149,2.059,-0.75%
10/05/2021,2.098,2.048,2.108,2.033,2.61%
10/04/2021,2.045,2.033,2.082,2.024,0.59%
10/01/2021,2.033,2.063,2.078,2.03,-0.82%
09/30/2021,2.05,2.053,2.103,2.043,-0.92%
09/29/2021,2.069,2.095,2.11,2.039,-1.29%
09/28/2021,2.096,1.994,2.103,1.988,4.73%
09/27/2021,2.001,1.998,2.045,1.972,0.84%
09/24/2021,1.985,1.94,1.993,1.914,1.99%
09/23/2021,1.946,1.813,1.948,1.813,7.37%
09/22/2021,1.813,1.849,1.876,1.809,-2.54%
09/21/2021,1.86,1.848,1.881,1.846,0.62%
09/20/2021,1.848,1.903,1.911,1.834,-2.87%
09/17/2021,1.903,1.881,1.925,1.869,1.19%
09/16/2021,1.881,1.865,1.899,1.857,0.90%
09/15/2021,1.864,1.863,1.885,1.822,0.29%
09/14/2021,1.859,1.904,1.945,1.831,-2.48%
09/13/2021,1.906,1.934,1.94,1.9,-1.48%
09/10/2021,1.934,1.902,1.946,1.898,2.19%
09/09/2021,1.893,1.954,1.96,1.885,-3.18%
09/08/2021,1.955,1.983,1.991,1.944,-1.91%
09/07/2021,1.993,1.953,1.999,1.951,2.08%
09/06/2021,1.952,1.952,1.952,1.952,0.32%
09/03/2021,1.946,1.901,1.954,1.889,2.51%
09/02/2021,1.898,1.921,1.924,1.896,-0.85%
09/01/2021,1.915,1.936,1.949,1.904,-0.67%
08/31/2021,1.928,1.896,1.939,1.883,1.72%
08/30/2021,1.895,1.917,1.93,1.89,-1.34%
08/27/2021,1.921,1.945,1.945,1.903,-1.48%
08/26/2021,1.95,1.953,1.977,1.934,-0.35%
08/25/2021,1.956,1.915,1.969,1.904,2.18%
08/24/2021,1.915,1.876,1.919,1.876,2.16%
08/23/2021,1.874,1.875,1.897,1.869,0.18%
08/20/2021,1.871,1.871,1.882,1.853,-0.15%
08/19/2021,1.874,1.905,1.907,1.852,-1.42%
08/18/2021,1.901,1.919,1.941,1.898,-1.31%
08/17/2021,1.926,1.926,1.937,1.883,-0.24%
08/16/2021,1.93,1.936,1.942,1.886,-0.14%
08/13/2021,1.933,2.013,2.017,1.93,-3.48%
08/12/2021,2.003,1.997,2.035,1.988,0.07%
08/11/2021,2.001,2.007,2.037,1.97,0.00%
08/10/2021,2.001,1.97,2.003,1.953,1.58%
08/09/2021,1.97,1.948,1.974,1.921,0.91%
08/06/2021,1.953,1.864,1.955,1.862,4.76%
08/05/2021,1.864,1.845,1.871,1.821,1.64%
08/04/2021,1.834,1.845,1.879,1.81,-0.59%
08/03/2021,1.845,1.855,1.873,1.829,-0.24%
08/02/2021,1.849,1.908,1.921,1.83,-2.41%
07/30/2021,1.895,1.914,1.915,1.885,-1.22%
07/29/2021,1.918,1.89,1.933,1.882,1.68%
07/28/2021,1.887,1.896,1.933,1.881,-0.34%
07/27/2021,1.893,1.942,1.943,1.884,-2.77%
07/26/2021,1.947,1.923,1.948,1.856,1.25%
07/23/2021,1.923,1.918,1.971,1.91,0.54%
07/22/2021,1.913,1.981,1.981,1.88,-1.41%
07/21/2021,1.94,1.883,1.967,1.853,3.35%
07/20/2021,1.877,1.837,1.883,1.78,2.62%
07/19/2021,1.829,1.899,1.918,1.803,-5.11%
07/16/2021,1.928,1.923,1.966,1.92,0.10%
07/15/2021,1.926,1.974,1.974,1.917,-2.43%
07/14/2021,1.974,2.042,2.051,1.971,-3.67%
07/13/2021,2.049,1.996,2.056,1.957,2.48%
07/12/2021,2,1.993,2.002,1.952,0.50%
07/09/2021,1.99,1.938,1.992,1.934,3.34%
07/08/2021,1.925,1.939,1.939,1.856,-0.88%
07/07/2021,1.942,1.984,1.994,1.918,-1.99%
07/06/2021,1.982,2.059,2.071,1.972,-3.76%
07/05/2021,2.059,2.059,2.059,2.059,0.69%
07/02/2021,2.045,2.067,2.086,2.032,-0.95%
07/01/2021,2.065,2.091,2.106,2.063,-1.13%
06/30/2021,2.088,2.088,2.096,2.047,0.03%
06/29/2021,2.088,2.101,2.131,2.084,-0.61%
06/28/2021,2.101,2.157,2.164,2.087,-2.33%
06/25/2021,2.151,2.102,2.177,2.082,2.12%
06/24/2021,2.106,2.108,2.134,2.085,0.06%
06/23/2021,2.105,2.093,2.128,2.086,0.68%
06/22/2021,2.091,2.116,2.149,2.08,-1.39%
06/21/2021,2.12,2.016,2.123,1.929,5.12%
06/18/2021,2.017,2.105,2.117,2.004,-3.88%
06/17/2021,2.098,2.21,2.22,2.049,-5.09%
06/16/2021,2.211,2.194,2.223,2.171,1.18%
06/15/2021,2.185,2.183,2.214,2.17,0.03%
06/14/2021,2.184,2.151,2.194,2.143,1.97%
06/11/2021,2.142,2.136,2.163,2.122,0.55%
06/10/2021,2.13,2.168,2.211,2.128,-1.84%
06/09/2021,2.17,2.215,2.218,2.15,-2.23%
06/08/2021,2.22,2.245,2.247,2.195,-1.19%
06/07/2021,2.247,2.247,2.263,2.241,0.66%
06/04/2021,2.232,2.3,2.321,2.23,-2.82%
06/03/2021,2.297,2.272,2.308,2.268,1.07%
06/02/2021,2.272,2.295,2.305,2.27,-0.63%
06/01/2021,2.287,2.291,2.33,2.285,-0.19%
05/31/2021,2.291,2.29,2.291,2.29,1.23%
05/28/2021,2.263,2.287,2.3,2.258,-0.75%
05/27/2021,2.28,2.262,2.307,2.255,0.85%
05/26/2021,2.261,2.255,2.275,2.237,0.38%
05/25/2021,2.253,2.305,2.305,2.248,-2.08%
05/24/2021,2.3,2.32,2.326,2.287,-0.74%
05/21/2021,2.318,2.341,2.347,2.317,-0.68%
05/20/2021,2.333,2.374,2.382,2.328,-1.75%
05/19/2021,2.375,2.364,2.4,2.336,0.56%
05/18/2021,2.362,2.363,2.382,2.344,-0.13%
05/17/2021,2.365,2.349,2.371,2.323,0.78%
05/14/2021,2.347,2.387,2.395,2.341,-2.30%
05/13/2021,2.402,2.417,2.42,2.378,-0.53%
05/12/2021,2.414,2.358,2.424,2.327,2.89%
05/11/2021,2.347,2.324,2.364,2.306,0.87%
05/10/2021,2.326,2.289,2.332,2.272,1.99%
05/07/2021,2.281,2.241,2.285,2.158,1.78%
05/06/2021,2.241,2.255,2.271,2.233,-0.17%
05/05/2021,2.245,2.262,2.296,2.241,-0.77%
05/04/2021,2.262,2.288,2.302,2.236,-0.94%
05/03/2021,2.284,2.298,2.326,2.253,-0.63%
04/30/2021,2.298,2.31,2.321,2.292,-0.26%
04/29/2021,2.304,2.295,2.353,2.295,0.61%
04/28/2021,2.29,2.294,2.322,2.283,-0.30%
04/27/2021,2.297,2.248,2.305,2.243,2.35%
04/26/2021,2.244,2.241,2.274,2.226,0.41%
04/23/2021,2.235,2.231,2.264,2.217,0.58%
04/22/2021,2.223,2.25,2.274,2.22,-1.44%
04/21/2021,2.255,2.263,2.283,2.249,-0.24%
04/20/2021,2.26,2.289,2.327,2.253,-1.56%
04/19/2021,2.296,2.265,2.302,2.237,0.68%
04/16/2021,2.281,2.26,2.289,2.234,0.71%
04/15/2021,2.265,2.321,2.325,2.207,-2.22%
04/14/2021,2.316,2.296,2.334,2.292,0.74%
04/13/2021,2.299,2.343,2.365,2.295,-1.66%
04/12/2021,2.338,2.343,2.353,2.311,0.07%
04/09/2021,2.336,2.321,2.362,2.304,0.87%
04/08/2021,2.316,2.356,2.362,2.305,-2.07%
04/07/2021,2.365,2.328,2.366,2.295,1.75%
04/06/2021,2.325,2.344,2.365,2.311,-1.06%
04/05/2021,2.349,2.344,2.392,2.339,0.66%
04/02/2021,2.334,2.335,2.391,2.318,0.00%
04/01/2021,2.334,2.41,2.426,2.327,-3.37%
03/31/2021,2.415,2.376,2.43,2.367,2.00%
03/30/2021,2.368,2.415,2.463,2.368,-2.02%
03/29/2021,2.417,2.378,2.434,2.336,1.59%
03/26/2021,2.379,2.348,2.4,2.341,1.11%
03/25/2021,2.353,2.31,2.361,2.293,1.64%
03/24/2021,2.315,2.318,2.354,2.292,-0.63%
03/23/2021,2.329,2.385,2.406,2.324,-2.87%
03/22/2021,2.398,2.419,2.421,2.372,-1.60%
03/19/2021,2.437,2.457,2.475,2.395,-0.61%
03/18/2021,2.452,2.434,2.518,2.409,1.35%
03/17/2021,2.42,2.381,2.464,2.371,1.73%
03/16/2021,2.378,2.357,2.4,2.343,0.83%
03/15/2021,2.359,2.399,2.399,2.346,-0.82%
03/12/2021,2.378,2.295,2.404,2.286,3.66%
03/11/2021,2.295,2.246,2.304,2.212,2.25%
03/10/2021,2.244,2.238,2.282,2.231,0.37%
03/09/2021,2.236,2.314,2.319,2.235,-3.94%
03/08/2021,2.328,2.322,2.334,2.279,0.80%
03/05/2021,2.309,2.319,2.352,2.266,-0.46%
03/04/2021,2.32,2.27,2.324,2.231,1.96%
03/03/2021,2.275,2.208,2.285,2.205,3.47%
03/02/2021,2.199,2.197,2.241,2.173,0.00%
03/01/2021,2.199,2.147,2.236,2.138,2.07%
02/26/2021,2.154,2.299,2.331,2.108,-6.25%
02/25/2021,2.298,2.237,2.401,2.229,3.28%
02/24/2021,2.225,2.184,2.293,2.168,2.13%
02/23/2021,2.179,2.178,2.217,2.162,-0.03%
02/22/2021,2.179,2.154,2.196,2.12,2.08%
02/19/2021,2.135,2.078,2.155,2.064,2.41%
02/18/2021,2.085,2.039,2.101,2.026,1.94%
02/17/2021,2.045,2.106,2.112,2.031,-2.04%
02/16/2021,2.088,2.04,2.095,2.019,2.37%
02/15/2021,2.039,2.04,2.04,2.038,1.38%
02/12/2021,2.011,1.947,2.014,1.93,2.96%
02/11/2021,1.954,1.914,1.957,1.898,2.31%
02/10/2021,1.91,1.954,1.967,1.908,-2.18%
02/09/2021,1.952,1.949,1.956,1.918,-0.41%
02/08/2021,1.96,1.983,2.006,1.933,-0.84%
02/05/2021,1.977,1.937,1.986,1.922,2.33%
02/04/2021,1.932,1.927,1.951,1.916,0.26%
02/03/2021,1.927,1.884,1.93,1.877,3.22%
02/02/2021,1.867,1.86,1.894,1.849,0.73%
02/01/2021,1.853,1.84,1.86,1.826,0.96%
01/29/2021,1.835,1.809,1.87,1.796,1.20%
01/28/2021,1.814,1.78,1.837,1.755,2.39%
01/27/2021,1.771,1.8,1.813,1.761,-1.04%
01/26/2021,1.79,1.803,1.816,1.786,-0.35%
01/25/2021,1.796,1.861,1.865,1.789,-2.73%
01/22/2021,1.847,1.874,1.883,1.835,-1.39%
01/21/2021,1.873,1.835,1.881,1.824,2.59%
01/20/2021,1.825,1.847,1.854,1.822,-0.77%
01/19/2021,1.839,1.854,1.874,1.832,-0.80%
01/18/2021,1.854,1.851,1.854,1.851,0.80%
01/15/2021,1.839,1.868,1.87,1.833,-1.77%
01/14/2021,1.873,1.819,1.888,1.806,2.67%
01/13/2021,1.824,1.86,1.877,1.807,-2.67%
01/12/2021,1.874,1.883,1.915,1.872,-0.45%
01/11/2021,1.883,1.876,1.898,1.85,0.38%
01/08/2021,1.875,1.854,1.893,1.832,0.88%
01/07/2021,1.859,1.815,1.872,1.806,2.59%
01/06/2021,1.812,1.7,1.837,1.692,6.34%
01/05/2021,1.704,1.666,1.722,1.662,2.55%
01/04/2021,1.662,1.662,1.691,1.638,0.94%
12/31/2020,1.646,1.66,1.709,1.64,-0.81%
12/30/2020,1.66,1.672,1.703,1.656,-1.16%
12/29/2020,1.679,1.673,1.699,1.666,1.21%
12/28/2020,1.659,1.678,1.715,1.659,-0.20%
12/24/2020,1.662,1.692,1.699,1.658,-1.35%
12/23/2020,1.685,1.651,1.727,1.631,1.90%
12/22/2020,1.654,1.674,1.679,1.648,-1.47%
12/21/2020,1.678,1.688,1.694,1.62,-0.68%
12/18/2020,1.69,1.677,1.702,1.656,0.52%
12/17/2020,1.681,1.66,1.692,1.626,1.45%
12/16/2020,1.657,1.654,1.707,1.647,0.21%
12/15/2020,1.653,1.632,1.669,1.616,1.26%
12/14/2020,1.633,1.644,1.682,1.624,0.33%
12/11/2020,1.628,1.632,1.645,1.6,0.00%
12/10/2020,1.628,1.674,1.686,1.626,-3.56%
12/09/2020,1.688,1.68,1.711,1.668,1.25%
12/08/2020,1.667,1.686,1.7,1.643,-1.15%
12/07/2020,1.686,1.744,1.744,1.681,-3.15%
12/04/2020,1.741,1.658,1.75,1.646,5.13%
12/03/2020,1.656,1.689,1.702,1.648,-1.98%
12/02/2020,1.69,1.665,1.724,1.649,1.13%
12/01/2020,1.671,1.574,1.684,1.562,6.48%
11/30/2020,1.569,1.581,1.595,1.562,-0.42%
11/27/2020,1.576,1.603,1.609,1.571,-1.72%
11/26/2020,1.603,1.605,1.605,1.603,-1.46%
11/25/2020,1.627,1.612,1.634,1.584,0.90%
11/24/2020,1.612,1.578,1.612,1.556,3.57%
11/23/2020,1.557,1.532,1.569,1.527,2.68%
11/20/2020,1.516,1.53,1.565,1.516,-2.70%
11/19/2020,1.558,1.595,1.599,1.546,-2.69%
11/18/2020,1.601,1.612,1.636,1.574,-0.61%
11/17/2020,1.611,1.659,1.677,1.607,-3.42%
11/16/2020,1.668,1.653,1.69,1.619,1.26%
11/13/2020,1.648,1.638,1.656,1.612,0.42%
11/12/2020,1.641,1.724,1.735,1.639,-4.98%
11/11/2020,1.727,1.727,1.727,1.727,-1.14%
11/10/2020,1.747,1.719,1.76,1.677,2.03%
11/09/2020,1.712,1.612,1.767,1.571,6.93%
11/06/2020,1.601,1.522,1.619,1.517,4.92%
11/05/2020,1.526,1.53,1.567,1.481,-1.30%
11/04/2020,1.546,1.714,1.757,1.506,-7.76%
11/03/2020,1.676,1.635,1.687,1.632,3.29%
11/02/2020,1.622,1.637,1.672,1.607,-2.16%
10/30/2020,1.658,1.614,1.667,1.582,3.04%
10/29/2020,1.609,1.567,1.634,1.55,3.18%
10/28/2020,1.56,1.549,1.575,1.528,0.35%
10/27/2020,1.554,1.586,1.605,1.552,-2.34%
10/26/2020,1.592,1.624,1.63,1.578,-3.01%
10/23/2020,1.641,1.677,1.69,1.637,-2.35%
10/22/2020,1.681,1.623,1.687,1.607,2.89%
10/21/2020,1.633,1.606,1.653,1.596,2.54%
10/20/2020,1.593,1.56,1.609,1.551,2.00%
10/19/2020,1.562,1.546,1.574,1.54,1.75%
10/16/2020,1.535,1.514,1.548,1.496,1.06%
10/15/2020,1.519,1.507,1.52,1.457,0.58%
10/14/2020,1.51,1.516,1.522,1.483,-0.18%
10/13/2020,1.513,1.555,1.562,1.507,-2.75%
10/12/2020,1.556,1.556,1.556,1.556,-1.37%
10/09/2020,1.577,1.574,1.609,1.561,-0.25%
10/08/2020,1.581,1.58,1.593,1.559,0.00%
10/07/2020,1.581,1.541,1.606,1.536,3.25%
10/06/2020,1.531,1.586,1.61,1.523,-3.36%
10/05/2020,1.584,1.503,1.593,1.492,6.20%
10/02/2020,1.492,1.459,1.495,1.425,2.53%
10/01/2020,1.455,1.462,1.497,1.445,0.05%
09/30/2020,1.454,1.419,1.487,1.412,2.66%
09/29/2020,1.417,1.419,1.425,1.399,-0.13%
09/28/2020,1.419,1.402,1.426,1.4,1.20%
09/25/2020,1.402,1.412,1.421,1.389,-0.32%
09/24/2020,1.406,1.417,1.426,1.397,-1.19%
09/23/2020,1.423,1.427,1.449,1.403,0.18%
09/22/2020,1.421,1.416,1.436,1.406,0.18%
09/21/2020,1.418,1.456,1.456,1.39,-2.54%
09/18/2020,1.455,1.438,1.456,1.411,1.04%
09/17/2020,1.44,1.452,1.454,1.393,-1.52%
09/16/2020,1.462,1.426,1.466,1.405,1.95%
09/15/2020,1.434,1.414,1.439,1.405,1.38%
09/14/2020,1.415,1.421,1.428,1.398,0.09%
09/11/2020,1.413,1.421,1.445,1.412,-0.55%
09/10/2020,1.421,1.457,1.493,1.416,-2.24%
09/09/2020,1.454,1.406,1.465,1.394,1.96%
09/08/2020,1.426,1.478,1.48,1.385,-3.53%
09/07/2020,1.478,1.478,1.478,1.478,0.31%
09/04/2020,1.473,1.352,1.477,1.348,8.26%
09/03/2020,1.361,1.374,1.403,1.32,-1.15%
09/02/2020,1.377,1.43,1.447,1.372,-3.29%
09/01/2020,1.424,1.482,1.516,1.419,-3.54%
08/31/2020,1.476,1.504,1.538,1.451,-1.97%
08/28/2020,1.506,1.528,1.577,1.482,-0.30%
08/27/2020,1.51,1.408,1.516,1.363,7.24%
08/26/2020,1.408,1.393,1.437,1.393,0.74%
08/25/2020,1.398,1.358,1.422,1.356,3.10%
08/24/2020,1.356,1.341,1.361,1.326,0.52%
08/21/2020,1.349,1.38,1.397,1.341,-2.71%
08/20/2020,1.387,1.413,1.419,1.367,-2.71%
08/19/2020,1.425,1.392,1.438,1.362,1.79%
08/18/2020,1.4,1.428,1.431,1.391,-2.51%
08/17/2020,1.436,1.452,1.452,1.407,-0.54%
08/14/2020,1.444,1.425,1.45,1.398,1.37%
08/13/2020,1.424,1.361,1.444,1.324,4.08%
08/12/2020,1.369,1.322,1.384,1.312,2.82%
08/11/2020,1.331,1.247,1.354,1.245,5.95%
08/10/2020,1.256,1.25,1.256,1.217,1.78%
08/07/2020,1.234,1.197,1.243,1.173,2.76%
08/06/2020,1.201,1.223,1.235,1.165,-1.98%
08/05/2020,1.225,1.188,1.241,1.184,3.09%
08/04/2020,1.189,1.234,1.244,1.181,-3.29%
08/03/2020,1.229,1.199,1.258,1.198,2.82%
07/31/2020,1.196,1.202,1.232,1.176,-0.72%
07/30/2020,1.204,1.237,1.243,1.19,-2.87%
07/29/2020,1.24,1.219,1.258,1.215,1.85%
07/28/2020,1.217,1.26,1.289,1.216,-3.29%
07/27/2020,1.259,1.232,1.265,1.206,2.67%
07/24/2020,1.226,1.224,1.264,1.203,-0.51%
07/23/2020,1.232,1.299,1.299,1.23,-5.06%
07/22/2020,1.298,1.312,1.315,1.274,-1.07%
07/21/2020,1.312,1.314,1.326,1.298,0.05%
07/20/2020,1.312,1.333,1.334,1.298,-1.16%
07/17/2020,1.327,1.31,1.333,1.287,1.23%
07/16/2020,1.311,1.33,1.335,1.292,-1.78%
07/15/2020,1.335,1.328,1.357,1.303,1.82%
07/14/2020,1.311,1.314,1.328,1.278,0.15%
07/13/2020,1.309,1.322,1.368,1.308,-1.78%
07/10/2020,1.333,1.321,1.339,1.247,1.47%
07/09/2020,1.313,1.398,1.402,1.301,-6.25%
07/08/2020,1.401,1.383,1.415,1.373,1.85%
07/07/2020,1.375,1.441,1.454,1.368,-4.47%
07/06/2020,1.44,1.439,1.48,1.438,0.74%
07/02/2020,1.429,1.428,1.473,1.416,0.37%
07/01/2020,1.424,1.412,1.466,1.411,0.79%
06/30/2020,1.413,1.383,1.428,1.365,2.33%
06/29/2020,1.381,1.363,1.399,1.356,0.67%
06/26/2020,1.371,1.428,1.432,1.369,-4.04%
06/25/2020,1.429,1.426,1.439,1.401,-0.18%
06/24/2020,1.432,1.497,1.519,1.428,-4.11%
06/23/2020,1.493,1.469,1.505,1.432,1.83%
06/22/2020,1.466,1.466,1.473,1.428,0.27%
06/19/2020,1.462,1.485,1.528,1.457,-1.17%
06/18/2020,1.48,1.524,1.525,1.459,-2.96%
06/17/2020,1.525,1.55,1.561,1.506,-0.35%
06/16/2020,1.53,1.508,1.582,1.484,4.65%
06/15/2020,1.462,1.408,1.465,1.386,0.09%
06/12/2020,1.461,1.406,1.477,1.396,4.30%
06/11/2020,1.401,1.497,1.509,1.399,-7.60%
06/10/2020,1.516,1.577,1.589,1.504,-3.97%
06/09/2020,1.579,1.64,1.641,1.547,-3.93%
06/08/2020,1.643,1.674,1.726,1.636,-1.56%
06/05/2020,1.669,1.626,1.762,1.602,2.07%
06/04/2020,1.635,1.543,1.638,1.522,6.66%
06/03/2020,1.533,1.497,1.569,1.492,2.85%
06/02/2020,1.491,1.442,1.495,1.438,1.74%
06/01/2020,1.465,1.4,1.474,1.398,3.84%
05/29/2020,1.411,1.445,1.462,1.404,-3.52%
05/28/2020,1.462,1.456,1.485,1.435,0.27%
05/27/2020,1.459,1.435,1.48,1.416,0.97%
05/26/2020,1.444,1.368,1.451,1.366,5.45%
05/25/2020,1.37,1.368,1.371,1.368,-0.05%
05/22/2020,1.37,1.385,1.392,1.329,-2.00%
05/21/2020,1.398,1.397,1.404,1.368,-0.75%
05/20/2020,1.409,1.409,1.444,1.388,-0.37%
05/19/2020,1.414,1.439,1.465,1.408,-1.47%
05/18/2020,1.435,1.327,1.46,1.323,8.34%
05/15/2020,1.325,1.298,1.332,1.251,2.67%
05/14/2020,1.29,1.346,1.349,1.272,-4.03%
05/13/2020,1.344,1.364,1.368,1.316,-2.14%
05/12/2020,1.374,1.42,1.434,1.359,-2.82%
05/11/2020,1.414,1.399,1.448,1.377,2.01%
05/08/2020,1.386,1.334,1.393,1.296,4.50%
05/07/2020,1.326,1.38,1.418,1.308,-5.37%
05/06/2020,1.401,1.352,1.446,1.334,5.08%
05/05/2020,1.334,1.3,1.342,1.297,4.43%
05/04/2020,1.277,1.245,1.306,1.23,1.92%
05/01/2020,1.253,1.274,1.303,1.233,-3.07%
04/30/2020,1.293,1.244,1.3,1.219,3.38%
04/29/2020,1.25,1.21,1.255,1.171,3.75%
04/28/2020,1.205,1.261,1.271,1.191,-4.23%
04/27/2020,1.259,1.178,1.264,1.172,7.10%
04/24/2020,1.175,1.184,1.207,1.153,-0.48%
04/23/2020,1.181,1.212,1.232,1.168,-2.77%
04/22/2020,1.215,1.171,1.238,1.127,4.72%
04/21/2020,1.16,1.222,1.229,1.126,-5.44%
04/20/2020,1.227,1.266,1.273,1.219,-3.01%
04/17/2020,1.265,1.275,1.297,1.183,4.19%
04/16/2020,1.214,1.279,1.288,1.202,-4.56%
04/15/2020,1.272,1.399,1.404,1.255,-9.23%
04/14/2020,1.401,1.406,1.417,1.375,0.00%
04/13/2020,1.401,1.345,1.415,1.338,3.56%
04/09/2020,1.353,1.396,1.396,1.33,-1.80%
04/08/2020,1.378,1.307,1.384,1.287,4.65%
04/07/2020,1.316,1.308,1.389,1.292,2.33%
04/06/2020,1.286,1.228,1.294,1.227,5.69%
04/03/2020,1.217,1.254,1.26,1.193,-3.39%
04/02/2020,1.26,1.217,1.28,1.206,1.14%
04/01/2020,1.246,1.327,1.343,1.205,-5.36%
03/31/2020,1.316,1.338,1.363,1.29,-1.74%
03/30/2020,1.339,1.245,1.348,1.182,7.66%
03/27/2020,1.244,1.434,1.441,1.243,-13.53%
03/26/2020,1.439,1.409,1.446,1.318,-0.62%
03/25/2020,1.448,1.404,1.472,1.313,2.83%
03/24/2020,1.408,1.348,1.462,1.34,5.87%
03/23/2020,1.33,1.378,1.535,1.28,-9.72%
03/20/2020,1.473,1.912,1.927,1.434,-17.38%
03/19/2020,1.783,1.747,1.931,1.597,1.12%
03/18/2020,1.763,1.673,1.943,1.587,3.38%
03/17/2020,1.706,1.338,1.726,1.331,29.74%
03/16/2020,1.315,1.327,1.513,1.26,-17.70%
03/13/2020,1.597,1.472,1.87,1.41,11.72%
03/12/2020,1.43,1.375,1.496,1.157,5.66%
03/11/2020,1.353,1.264,1.404,1.105,4.37%
03/10/2020,1.296,1.065,1.331,1.013,25.70%
03/09/2020,1.031,0.989,1.088,0.702,-20.45%
03/06/2020,1.297,1.549,1.56,1.187,-16.21%
03/05/2020,1.547,1.701,1.701,1.536,-9.08%
03/04/2020,1.702,1.604,1.712,1.567,5.54%
03/03/2020,1.613,1.719,1.754,1.507,-5.46%
03/02/2020,1.706,1.642,1.727,1.583,1.29%
02/28/2020,1.684,1.78,1.787,1.638,-4.86%
02/27/2020,1.77,1.819,1.827,1.742,-2.78%
02/26/2020,1.821,1.83,1.87,1.786,-0.18%
02/25/2020,1.824,1.845,1.874,1.786,-0.47%
02/24/2020,1.833,1.918,1.918,1.811,-4.39%
02/21/2020,1.917,1.96,1.968,1.886,-2.33%
02/20/2020,1.963,2.023,2.029,1.957,-2.55%
02/19/2020,2.014,2.021,2.033,1.99,0.31%
02/18/2020,2.008,2.028,2.029,1.983,-1.06%
02/17/2020,2.029,2.027,2.029,2.027,-0.45%
02/14/2020,2.038,2.076,2.102,2.024,-1.68%
02/13/2020,2.073,2.074,2.09,2.036,-0.95%
02/12/2020,2.093,2.071,2.101,2.063,1.35%
02/11/2020,2.065,2.047,2.069,2.035,1.56%
02/10/2020,2.033,2.028,2.063,2.015,-0.60%
02/07/2020,2.046,2.111,2.116,2.035,-3.03%
02/06/2020,2.11,2.136,2.159,2.105,-1.03%
02/05/2020,2.132,2.082,2.143,2.05,2.53%
02/04/2020,2.079,1.999,2.091,1.996,3.79%
02/03/2020,2.003,2.006,2.053,1.992,0.30%
01/31/2020,1.997,2.047,2.068,1.992,-2.93%
01/30/2020,2.057,2.044,2.063,2.004,1.16%
01/29/2020,2.034,2.105,2.122,2.032,-3.88%
01/28/2020,2.116,2.062,2.119,2.022,2.61%
01/27/2020,2.062,2.085,2.111,2.049,-3.42%
01/24/2020,2.135,2.187,2.21,2.121,-1.85%
01/23/2020,2.175,2.216,2.217,2.166,-2.15%
01/22/2020,2.223,2.245,2.253,2.207,-0.51%
01/21/2020,2.234,2.286,2.286,2.223,-2.24%
01/20/2020,2.286,2.285,2.286,2.284,0.03%
01/17/2020,2.285,2.289,2.313,2.273,1.20%
01/16/2020,2.258,2.248,2.271,2.229,0.88%
01/15/2020,2.238,2.269,2.278,2.232,-1.50%
01/14/2020,2.272,2.307,2.32,2.271,-1.37%
01/13/2020,2.304,2.277,2.322,2.277,1.10%
01/10/2020,2.279,2.333,2.341,2.277,-2.16%
01/09/2020,2.329,2.359,2.382,2.32,-1.45%
01/08/2020,2.363,2.254,2.365,2.201,2.90%
01/07/2020,2.296,2.285,2.31,2.273,0.50%
01/06/2020,2.285,2.228,2.29,2.225,1.58%
01/03/2020,2.249,2.295,2.301,2.245,-3.39%
01/02/2020,2.328,2.395,2.419,2.316,-2.54%
01/01/2020,2.389,2.389,2.389,2.389,0.00%
12/31/2019,2.389,2.333,2.393,2.333,2.32%
12/30/2019,2.335,2.317,2.391,2.315,0.75%
12/27/2019,2.318,2.328,2.335,2.305,-0.16%
12/26/2019,2.321,2.338,2.349,2.32,-0.71%
12/25/2019,2.338,2.334,2.338,2.334,0.15%
12/24/2019,2.334,2.355,2.376,2.328,-0.83%
12/23/2019,2.354,2.346,2.368,2.318,0.43%
12/20/2019,2.344,2.356,2.376,2.341,-0.43%
12/19/2019,2.354,2.351,2.381,2.331,0.19%
12/18/2019,2.349,2.313,2.362,2.29,2.17%
12/17/2019,2.299,2.29,2.326,2.27,0.38%
12/16/2019,2.291,2.262,2.318,2.256,1.64%
12/13/2019,2.254,2.365,2.368,2.236,-2.50%
12/12/2019,2.312,2.228,2.35,2.219,3.91%
12/11/2019,2.225,2.263,2.265,2.212,-1.78%
12/10/2019,2.265,2.256,2.277,2.232,0.38%
12/09/2019,2.257,2.283,2.287,2.242,-1.22%
12/06/2019,2.284,2.253,2.302,2.233,1.26%
12/05/2019,2.256,2.222,2.267,2.208,1.43%
12/04/2019,2.224,2.168,2.243,2.15,2.74%
12/03/2019,2.165,2.267,2.292,2.142,-4.55%
12/02/2019,2.268,2.221,2.298,2.221,2.98%
11/29/2019,2.203,2.203,2.228,2.18,0.06%
11/28/2019,2.201,2.203,2.203,2.201,0.54%
11/27/2019,2.189,2.183,2.214,2.175,0.54%
11/26/2019,2.178,2.204,2.22,2.169,-0.89%
11/25/2019,2.197,2.227,2.242,2.197,-0.98%
11/22/2019,2.219,2.229,2.244,2.2,-0.63%
11/21/2019,2.233,2.199,2.251,2.175,1.05%
11/20/2019,2.21,2.241,2.248,2.192,-1.85%
11/19/2019,2.251,2.295,2.308,2.249,-2.01%
11/18/2019,2.297,2.3,2.337,2.275,-0.47%
11/15/2019,2.308,2.316,2.334,2.294,0.25%
11/14/2019,2.303,2.364,2.371,2.287,-2.84%
11/13/2019,2.37,2.404,2.408,2.34,-1.43%
11/12/2019,2.404,2.407,2.434,2.374,-0.15%
11/11/2019,2.408,2.409,2.41,2.408,-0.80%
11/08/2019,2.427,2.403,2.43,2.364,0.74%
11/07/2019,2.409,2.308,2.444,2.296,3.99%
11/06/2019,2.317,2.336,2.338,2.288,-0.82%
11/05/2019,2.336,2.282,2.354,2.276,3.04%
11/04/2019,2.267,2.2,2.283,2.2,3.41%
11/01/2019,2.193,2.18,2.23,2.167,0.88%
10/31/2019,2.173,2.259,2.275,2.165,-3.71%
10/30/2019,2.257,2.329,2.346,2.251,-3.14%
10/29/2019,2.33,2.342,2.352,2.308,-0.19%
10/28/2019,2.335,2.294,2.35,2.293,1.99%
10/25/2019,2.289,2.253,2.298,2.243,1.12%
10/24/2019,2.264,2.25,2.271,2.222,0.39%
10/23/2019,2.255,2.253,2.26,2.218,-0.06%
10/22/2019,2.256,2.297,2.299,2.25,-1.56%
10/21/2019,2.292,2.237,2.299,2.237,1.94%
10/18/2019,2.249,2.233,2.264,2.22,0.71%
10/17/2019,2.233,2.222,2.272,2.207,0.19%
10/16/2019,2.228,2.231,2.253,2.198,-0.20%
10/15/2019,2.233,2.18,2.243,2.148,2.42%
10/14/2019,2.18,2.176,2.181,2.176,-0.77%
10/11/2019,2.197,2.155,2.243,2.132,1.70%
10/10/2019,2.16,2.066,2.174,2.055,3.54%
10/09/2019,2.086,2.034,2.114,2.028,2.56%
10/08/2019,2.034,2.048,2.088,2.008,-0.93%
10/07/2019,2.053,2.008,2.057,1.998,1.96%
10/04/2019,2.014,2.034,2.048,2.004,-0.87%
10/03/2019,2.031,2.086,2.09,2.016,-2.69%
10/02/2019,2.088,2.097,2.134,2.067,-0.17%
10/01/2019,2.091,2.118,2.205,2.077,-1.08%
09/30/2019,2.114,2.134,2.163,2.11,-0.78%
09/27/2019,2.131,2.14,2.171,2.12,-0.69%
09/26/2019,2.145,2.18,2.181,2.118,-1.93%
09/25/2019,2.188,2.106,2.19,2.082,3.76%
09/24/2019,2.109,2.167,2.17,2.085,-2.90%
09/23/2019,2.171,2.198,2.213,2.113,0.59%
09/20/2019,2.159,2.226,2.238,2.153,-3.21%
09/19/2019,2.23,2.244,2.265,2.193,-0.90%
09/18/2019,2.251,2.272,2.285,2.211,-0.95%
09/17/2019,2.272,2.314,2.321,2.254,-1.82%
09/16/2019,2.315,2.384,2.386,2.268,-2.55%
09/13/2019,2.375,2.257,2.381,2.249,5.13%
09/12/2019,2.259,2.245,2.28,2.142,1.48%
09/11/2019,2.226,2.211,2.233,2.184,-0.03%
09/10/2019,2.227,2.13,2.229,2.096,4.51%
09/09/2019,2.131,2.027,2.134,2.024,5.23%
09/06/2019,2.025,2.045,2.098,2.011,-1.39%
09/05/2019,2.054,1.975,2.091,1.972,3.93%
09/04/2019,1.976,1.941,2.002,1.941,1.16%
09/03/2019,1.953,1.975,2.01,1.909,-1.11%
09/02/2019,1.975,1.979,1.979,1.975,0.61%
08/30/2019,1.963,1.959,2.02,1.955,0.07%
08/29/2019,1.962,1.956,2.009,1.92,1.23%
08/28/2019,1.938,1.958,1.977,1.905,-0.78%
08/27/2019,1.953,2.03,2.036,1.949,-4.32%
08/26/2019,2.042,1.982,2.045,1.935,0.71%
08/23/2019,2.027,2.107,2.158,2.006,-3.65%
08/22/2019,2.104,2.07,2.11,2.033,1.43%
08/21/2019,2.074,2.041,2.096,2.02,1.88%
08/20/2019,2.036,2.072,2.085,2.028,-2.40%
08/19/2019,2.086,2.06,2.13,2.049,2.04%
08/16/2019,2.044,1.972,2.053,1.959,4.61%
08/15/2019,1.954,2.03,2.033,1.916,-3.29%
08/14/2019,2.021,2.155,2.173,2.015,-6.62%
08/13/2019,2.164,2.147,2.17,2.097,1.71%
08/12/2019,2.128,2.299,2.299,2.119,-5.83%
08/09/2019,2.259,2.227,2.262,2.193,1.37%
08/08/2019,2.229,2.224,2.322,2.22,-0.59%
08/07/2019,2.242,2.225,2.255,2.123,0.06%
08/06/2019,2.241,2.235,2.327,2.23,-1.03%
08/05/2019,2.264,2.391,2.395,2.256,-4.72%
08/02/2019,2.376,2.445,2.457,2.368,-2.96%
08/01/2019,2.449,2.531,2.559,2.422,-2.84%
07/31/2019,2.521,2.581,2.586,2.516,-2.32%
07/30/2019,2.58,2.583,2.594,2.565,-0.42%
07/29/2019,2.591,2.592,2.596,2.567,-0.17%
07/26/2019,2.596,2.61,2.616,2.578,-0.51%
07/25/2019,2.609,2.579,2.633,2.546,1.19%
07/24/2019,2.578,2.62,2.62,2.573,-1.45%
07/23/2019,2.616,2.573,2.62,2.568,1.70%
07/22/2019,2.573,2.582,2.586,2.542,-0.34%
07/19/2019,2.581,2.568,2.588,2.562,0.68%
07/18/2019,2.564,2.565,2.6,2.554,0.31%
07/17/2019,2.556,2.617,2.621,2.555,-2.23%
07/16/2019,2.614,2.611,2.653,2.602,0.17%
07/15/2019,2.61,2.658,2.666,2.606,-1.45%
07/12/2019,2.648,2.653,2.677,2.632,-0.50%
07/11/2019,2.661,2.569,2.672,2.551,3.42%
07/10/2019,2.574,2.541,2.598,2.537,1.10%
07/09/2019,2.546,2.521,2.552,2.516,0.54%
07/08/2019,2.532,2.542,2.543,2.507,-0.48%
07/05/2019,2.544,2.461,2.572,2.456,3.26%
07/04/2019,2.464,2.461,2.464,2.461,-0.26%
07/03/2019,2.47,2.501,2.502,2.465,-1.36%
07/02/2019,2.504,2.541,2.552,2.502,-1.93%
07/01/2019,2.553,2.558,2.575,2.528,0.79%
06/28/2019,2.533,2.535,2.549,2.521,0.08%
06/27/2019,2.531,2.567,2.582,2.521,-1.60%
06/26/2019,2.572,2.527,2.573,2.525,1.97%
06/25/2019,2.523,2.544,2.552,2.516,-0.93%
06/24/2019,2.546,2.591,2.596,2.543,-1.54%
06/21/2019,2.586,2.533,2.593,2.51,1.90%
06/20/2019,2.538,2.542,2.544,2.48,-0.09%
06/19/2019,2.54,2.55,2.578,2.533,-0.37%
06/18/2019,2.549,2.578,2.585,2.513,-1.20%
06/17/2019,2.58,2.591,2.613,2.573,-0.28%
06/14/2019,2.588,2.594,2.605,2.57,-0.48%
06/13/2019,2.6,2.616,2.621,2.596,-0.67%
06/12/2019,2.618,2.611,2.632,2.593,0.00%
06/11/2019,2.618,2.622,2.656,2.613,-0.36%
06/10/2019,2.627,2.593,2.632,2.587,2.04%
06/07/2019,2.575,2.621,2.627,2.559,-1.53%
06/06/2019,2.615,2.635,2.645,2.579,-1.09%
06/05/2019,2.644,2.611,2.649,2.584,1.55%
06/04/2019,2.603,2.549,2.616,2.545,2.59%
06/03/2019,2.538,2.566,2.579,2.522,-1.29%
05/31/2019,2.571,2.625,2.631,2.567,-2.79%
05/30/2019,2.644,2.689,2.705,2.641,-1.79%
05/29/2019,2.693,2.705,2.706,2.655,-0.47%
05/28/2019,2.705,2.735,2.741,2.698,-1.10%
05/27/2019,2.735,2.736,2.737,2.735,-0.60%
05/24/2019,2.752,2.753,2.766,2.743,-0.17%
05/23/2019,2.757,2.81,2.811,2.731,-1.79%
05/22/2019,2.807,2.844,2.849,2.807,-1.36%
05/21/2019,2.845,2.836,2.854,2.826,0.22%
05/20/2019,2.839,2.832,2.841,2.808,0.52%
05/17/2019,2.825,2.837,2.844,2.804,-0.30%
05/16/2019,2.833,2.821,2.847,2.801,0.41%
05/15/2019,2.822,2.848,2.855,2.808,-1.03%
05/14/2019,2.851,2.837,2.86,2.833,0.44%
05/13/2019,2.839,2.859,2.87,2.828,-1.78%
05/10/2019,2.89,2.874,2.89,2.85,0.73%
05/09/2019,2.869,2.89,2.894,2.851,-0.88%
05/08/2019,2.895,2.864,2.899,2.84,1.27%
05/07/2019,2.858,2.894,2.91,2.857,-1.73%
05/06/2019,2.908,2.887,2.91,2.886,-0.45%
05/03/2019,2.922,2.931,2.962,2.912,-0.43%
05/02/2019,2.934,2.92,2.948,2.903,0.91%
05/01/2019,2.908,2.936,2.936,2.885,-0.75%
04/30/2019,2.93,2.948,2.974,2.929,-0.85%
04/29/2019,2.955,2.919,2.97,2.904,1.05%
04/26/2019,2.924,2.938,2.955,2.916,-0.67%
04/25/2019,2.944,2.938,2.958,2.931,0.27%
04/24/2019,2.936,2.983,2.985,2.935,-1.53%
04/23/2019,2.982,2.99,3.001,2.976,-0.29%
04/22/2019,2.99,2.964,2.997,2.963,1.07%
04/18/2019,2.959,2.99,2.991,2.959,-1.16%
04/17/2019,2.993,2.992,3.011,2.979,-0.05%
04/16/2019,2.995,2.967,2.998,2.963,0.88%
04/15/2019,2.969,2.974,2.982,2.96,-0.19%
04/12/2019,2.974,2.93,2.978,2.918,1.56%
04/11/2019,2.929,2.897,2.94,2.895,1.29%
04/10/2019,2.891,2.913,2.923,2.886,-0.75%
04/09/2019,2.913,2.922,2.934,2.895,-0.43%
04/08/2019,2.926,2.909,2.93,2.896,0.72%
04/05/2019,2.905,2.921,2.952,2.902,-0.56%
04/04/2019,2.921,2.929,2.938,2.913,-0.48%
04/03/2019,2.935,2.878,2.937,2.875,2.05%
04/02/2019,2.876,2.885,2.897,2.865,-0.53%
04/01/2019,2.892,2.833,2.898,2.831,2.67%
03/29/2019,2.816,2.817,2.846,2.809,-0.08%
03/28/2019,2.819,2.81,2.83,2.791,-0.08%
03/27/2019,2.821,2.875,2.883,2.811,-1.89%
03/26/2019,2.875,2.871,2.906,2.86,0.32%
03/25/2019,2.866,2.884,2.914,2.83,-0.30%
03/22/2019,2.875,2.967,2.967,2.857,-3.05%
03/21/2019,2.965,2.97,2.975,2.953,-0.16%
03/20/2019,2.97,3.026,3.029,2.964,-1.94%
03/19/2019,3.029,3.014,3.052,3.005,0.37%
03/18/2019,3.017,3.014,3.033,3.007,0.16%
03/15/2019,3.013,3.042,3.052,3.004,-1.02%
03/14/2019,3.044,3.016,3.049,3.01,0.85%
03/13/2019,3.018,2.991,3.019,2.991,0.99%
03/12/2019,2.989,3.042,3.064,2.983,-1.29%
03/11/2019,3.028,3.013,3.046,3.008,0.50%
03/08/2019,3.013,3.031,3.045,3.004,-0.47%
03/07/2019,3.027,3.068,3.072,3.025,-1.42%
03/06/2019,3.07,3.083,3.089,3.054,-0.39%
03/05/2019,3.083,3.093,3.111,3.08,-0.32%
03/04/2019,3.092,3.133,3.135,3.086,-1.12%
03/01/2019,3.128,3.083,3.137,3.079,1.48%
02/28/2019,3.082,3.061,3.101,3.042,0.53%
02/27/2019,3.066,3.007,3.077,3.005,1.92%
02/26/2019,3.008,3.024,3.035,3.004,-0.77%
02/25/2019,3.031,3.024,3.047,3.018,0.48%
02/22/2019,3.017,3.049,3.049,2.999,-1.10%
02/21/2019,3.05,2.994,3.054,2.99,1.73%
02/20/2019,2.998,2.981,3.013,2.97,0.66%
02/19/2019,2.979,2.998,3.004,2.969,-0.63%
02/18/2019,2.998,2.998,2.998,2.998,0.11%
02/15/2019,2.994,3.002,3.024,2.984,-0.16%
02/14/2019,2.999,3.028,3.039,2.986,-1.21%
02/13/2019,3.036,3.03,3.045,3.018,0.40%
02/12/2019,3.024,2.994,3.031,2.992,1.12%
02/11/2019,2.99,2.978,3.006,2.976,0.48%
02/08/2019,2.976,3.001,3.005,2.971,-0.66%
02/07/2019,2.996,3.032,3.032,2.991,-1.28%
02/06/2019,3.035,3.035,3.043,3.008,0.00%
02/05/2019,3.035,3.051,3.073,3.018,-0.71%
02/04/2019,3.057,3.031,3.074,3.024,1.04%
02/01/2019,3.025,3.006,3.037,2.987,0.94%
01/31/2019,2.997,3.035,3.038,2.989,-1.18%
01/30/2019,3.033,3.045,3.072,3.031,-0.23%
01/29/2019,3.04,3.064,3.076,3.037,-0.88%
01/28/2019,3.067,3.061,3.072,3.04,0.03%
01/25/2019,3.066,3.039,3.068,3.036,1.09%
01/24/2019,3.033,3.062,3.07,3.025,-1.13%
01/23/2019,3.068,3.062,3.101,3.052,0.17%
01/22/2019,3.063,3.095,3.1,3.046,-1.08%
01/21/2019,3.096,3.095,3.096,3.095,-0.15%
01/18/2019,3.101,3.071,3.109,3.069,0.83%
01/17/2019,3.075,3.069,3.085,3.048,0.02%
01/16/2019,3.074,3.076,3.106,3.059,-0.10%
01/15/2019,3.077,3.052,3.08,3.033,0.66%
01/14/2019,3.057,3.056,3.064,3.007,0.78%
01/11/2019,3.033,3.051,3.061,3.017,-1.01%
01/10/2019,3.064,3.008,3.066,2.986,1.94%
01/09/2019,3.006,3.011,3.034,2.998,0.05%
01/08/2019,3.004,2.984,3.011,2.977,0.38%
01/07/2019,2.993,2.98,2.997,2.935,0.41%
01/04/2019,2.981,2.906,2.996,2.888,2.68%
01/03/2019,2.903,2.967,2.974,2.897,-2.01%
01/02/2019,2.963,3.016,3.059,2.953,-1.88%
01/01/2019,3.02,3.02,3.02,3.02,0.00%
12/31/2018,3.02,3.047,3.053,3.005,0.00%
12/28/2018,3.02,3.048,3.065,3.02,-1.26%
12/27/2018,3.058,3.058,3.075,3.003,-0.23%
12/26/2018,3.065,3.006,3.071,2.977,1.96%
12/25/2018,3.006,3.004,3.006,3.004,0.25%
12/24/2018,2.999,3.041,3.045,2.995,-1.03%
12/21/2018,3.03,3.04,3.044,3.005,-0.45%
12/20/2018,3.044,2.989,3.053,2.957,1.83%
12/19/2018,2.989,3.072,3.077,2.982,-2.79%
12/18/2018,3.075,3.117,3.117,3.068,-1.25%
12/17/2018,3.114,3.146,3.151,3.106,-1.15%
12/14/2018,3.15,3.165,3.166,3.131,-0.50%
12/13/2018,3.165,3.15,3.171,3.133,0.58%
12/12/2018,3.147,3.129,3.154,3.125,0.75%
12/11/2018,3.124,3.125,3.153,3.1,-0.27%
12/10/2018,3.132,3.122,3.148,3.103,-0.48%
12/07/2018,3.147,3.162,3.188,3.131,-0.33%
12/06/2018,3.158,3.172,3.178,3.106,-0.45%
12/05/2018,3.172,3.168,3.172,3.168,0.05%
12/04/2018,3.17,3.253,3.256,3.129,-2.51%
